{"cameraMode":{"drawMode":2,"name":"Shaded Wireframe","section":"Shading Mode"},"sceneLighting":true,"audioPlay":false,"sceneViewState":{"m_AlwaysRefresh":false,"showFog":true,"showSkybox":true,"showFlares":true,"showImageEffects":true,"showParticleSystems":true,"showVisualEffectGraphs":true,"m_FxEnabled":true},"in2DMode":false,"pivot":{"x":-201.71414184570313,"y":-18.261077880859376,"z":-195.3328094482422},"rotation":{"x":-0.5666333436965942,"y":-0.00047860966878943145,"z":0.0003516022115945816,"w":-0.8239965438842773},"size":242.97364807128907,"orthographic":false}