{"cameraMode":{"drawMode":0,"name":"Shaded","section":"Shading Mode"},"sceneLighting":true,"audioPlay":false,"sceneViewState":{"m_AlwaysRefresh":false,"showFog":true,"showSkybox":true,"showFlares":true,"showImageEffects":true,"showParticleSystems":true,"showVisualEffectGraphs":true,"m_FxEnabled":true},"in2DMode":false,"pivot":{"x":-2.014969825744629,"y":-3.866273880004883,"z":3.2807369232177736},"rotation":{"x":0.37164777517318728,"y":-0.030628623440861703,"z":0.012269311584532261,"w":0.9277903437614441},"size":10.623824119567871,"orthographic":false}